Customer search term,Keywords,Impressions,Clicks,CTR,Total cost (USD),CPC (USD),Purchases,Sales (USD),ACOS,KENP read,Estimated KENP royalties (USD),Purchase rate
0063455234,substitutes,0,0,0,0.4,0,0,0,0,0,0,0
0593436075,substitutes,0,0,0,0.4,0,0,0,0,0,0,0
0740771116,substitutes,0,0,0,0.4,0,0,0,0,0,0,0
0767905016,substitutes,0,0,0,0.4,0,0,0,0,0,0,0
1067380507,substitutes,0,0,0,0.4,0,0,0,0,0,0,0
1250108861,substitutes,0,0,0,0.4,0,0,0,0,0,0,0
1441322310,substitutes,0,0,0,0.4,0,0,0,0,0,0,0
1441334149,substitutes,0,0,0,0.4,0,0,0,0,0,0,0
1452125376,substitutes,0,0,0,0.35,0,0,0,0,0,0,0
1452127530,substitutes,0,0,0,0.4,0,0,0,0,0,0,0
1452148724,substitutes,0,0,0,0.36,0,0,0,0,0,0,0
1452153817,substitutes,0,0,0,0.4,0,1,17.99,0.0222,0,0,0
1452164444,substitutes,0,0,0,0.4,0,0,0,0,0,0,0
1452169772,substitutes,0,0,0,0.4,0,0,0,0,0,0,0
1452174792,substitutes,0,0,0,0.3,0,0,0,0,0,0,0
145471090x,substitutes,0,0,0,0.4,0,0,0,0,0,0,0
159337643x,substitutes,0,0,0,0.4,0,0,0,0,0,0,0
1647398207,substitutes,0,0,0,0.4,0,0,0,0,0,0,0
1668078260,substitutes,0,0,0,0.4,0,0,0,0,0,0,0
1696574951,substitutes,0,0,0,0.4,0,0,0,0,0,0,0
172825809x,substitutes,0,0,0,0.4,0,0,0,0,0,0,0
1738684660,substitutes,0,0,0,0,0,0,0,0,0,0,0
1797164716,substitutes,0,0,0,0.4,0,0,0,0,0,0,0
1797204122,substitutes,0,0,0,0.4,0,0,0,0,0,0,0
179721876x,substitutes,0,0,0,0.4,0,0,0,0,0,0,0
1797232843,substitutes,0,0,0,0.34,0,0,0,0,0,0,0
1892127334,substitutes,0,0,0,0.4,0,0,0,0,0,0,0
1943200106,substitutes,0,0,0,0.4,0,0,0,0,0,0,0
194451547x,substitutes,0,0,0,0.4,0,0,0,0,0,0,0
1944515976,substitutes,0,0,0,0.4,0,0,0,0,0,0,0
1950968839,substitutes,0,0,0,0.8,0,0,0,0,0,0,0
1952568218,substitutes,0,0,0,0.4,0,0,0,0,0,0,0
1952842948,substitutes,0,0,0,0.4,0,0,0,0,0,0,0
1957891831,substitutes,0,0,0,0.67,0,0,0,0,0,0,0
1958803375,substitutes,0,0,0,0.4,0,0,0,0,0,0,0
3592887866,substitutes,0,0,0,0.4,0,0,0,0,0,0,0
a grandparents guided journal,close-match,0,0,0,0.6,0,0,0,0,0,0,0
b07gf2xs4z,substitutes,0,0,0,0.4,0,0,0,0,0,0,0
b08kh3r2y4,substitutes,0,0,0,0.4,0,0,0,0,0,0,0
b08z83lvbt,substitutes,0,0,0,0.8,0,0,0,0,0,0,0
b092pcx3qd,substitutes,0,0,0,0.23,0,0,0,0,0,0,0
b0988svncm,substitutes,0,0,0,0.4,0,0,0,0,0,0,0
b09rm5xk64,substitutes,0,0,0,0.4,0,0,0,0,0,0,0
b09s1c4thp,substitutes,0,0,0,0.8,0,0,0,0,0,0,0
b0b1c6hhby,substitutes,0,0,0,0.4,0,0,0,0,0,0,0
b0b3558d74,substitutes,0,0,0,0.4,0,0,0,0,0,0,0
b0d5wmn11k,substitutes,0,0,0,0.32,0,0,0,0,0,0,0
b0d6nmhyx9,substitutes,0,0,0,0.35,0,0,0,0,0,0,0
b0dh7n8jfn,substitutes,0,0,0,0.4,0,0,0,0,0,0,0
b0f2zh4drs,substitutes,0,0,0,0.4,0,0,0,0,0,0,0