State,Keyword,Target match type,Status,Suggested bid (low)(USD),Suggested bid (median)(USD),Suggested bid (high)(USD),Bid (USD),Impressions,Top-of-search impression share,Clicks,CTR,Total cost (USD),CPC (USD),Purchases,Sales (USD),ACOS,KENP read,Estimated KENP royalties (USD)
ENABLED,70th birthday gift for mom,Exact,Delivering,1.24,1.75,2.15,1.66,17,0,0,0,0,0,0,0,0,0,0
ENABLED,80th birthday gift for dad,Exact,Delivering,1.42,1.82,2.46,1.88,27,0,0,0,0,0,0,0,0,0,0
ENABLED,a grandparents book about saving memories,Exact,Delivering,,,,0.55,0,0,0,0,0,0,0,0,0,0,0
ENABLED,a grandparents book about saving memories,Phrase,Delivering,,,,0.55,0,0,0,0,0,0,0,0,0,0,0
ENABLED,a grandparents book about saving memories,Broad,Delivering,,,,0.55,0,0,0,0,0,0,0,0,0,0,0
ENABLED,books for your parents to write memories,Exact,Delivering,,,,0.55,0,0,0,0,0,0,0,0,0,0,0
ENABLED,books for your parents to write memories,Phrase,Delivering,,,,0.55,0,0,0,0,0,0,0,0,0,0,0
ENABLED,books for your parents to write memories,Broad,Delivering,,,,0.55,0,0,0,0,0,0,0,0,0,0,0
ENABLED,dad journal life story,Exact,Delivering,1.13,1.5,1.88,1.5,0,0,0,0,0,0,0,0,0,0,0
ENABLED,dad journal life story,Phrase,Delivering,1.13,1.5,1.88,1.5,0,0,0,0,0,0,0,0,0,0,0
ENABLED,dad journal life story,Broad,Delivering,1.13,1.5,1.88,1.5,0,0,0,0,0,0,0,0,0,0,0
ENABLED,dad life story book,Exact,Delivering,1.1,1.46,1.83,0.62,1,0,0,0,0,0,0,0,0,0,0
ENABLED,dad memory book,Exact,Delivering,0.61,1.12,1.5,0.61,4,0,0,0,0,0,0,0,0,0,0
ENABLED,family history journal,Exact,Delivering,0.36,0.48,0.6,0.48,10,0,0,0,0,0,0,0,0,0,0
ENABLED,family legacy journal,Broad,Delivering,0.37,0.41,0.58,0.41,1,0,0,0,0,0,0,0,0,0,0
ENABLED,family legacy journal,Phrase,Delivering,0.31,0.41,0.51,0.41,0,0,0,0,0,0,0,0,0,0,0
ENABLED,family legacy journal,Exact,Delivering,0.4,0.46,0.62,0.4,0,0,0,0,0,0,0,0,0,0,0
ENABLED,family legacy memory journal,Exact,Delivering,0.48,0.64,0.8,0.64,0,0,0,0,0,0,0,0,0,0,0
ENABLED,family legacy memory journal,Phrase,Delivering,0.48,0.64,0.8,0.64,0,0,0,0,0,0,0,0,0,0,0
ENABLED,family legacy memory journal,Broad,Delivering,0.33,0.6,0.88,0.6,0,0,0,0,0,0,0,0,0,0,0
ENABLED,family memory journal,Broad,Delivering,0.43,0.76,0.84,0.51,13,0,0,0,0,0,0,0,0,0,0
ENABLED,family memory journal,Phrase,Delivering,0.56,0.75,0.84,0.5,0,0,0,0,0,0,0,0,0,0,0
ENABLED,family memory journal,Exact,Delivering,0.54,0.72,0.84,0.64,139,0,0,0,1.28,0,0,0,0,0,0
ENABLED,gifts for dad who has everything,Exact,Delivering,1.37,2,2.2,1.97,42,0,0,0,0,0,0,0,0,0,0
ENABLED,gifts for mom who has everything,Exact,Delivering,1.34,1.72,2.04,1.81,127,0,0,0,0,0,0,0,0,0,0
ENABLED,grandfather life story journal,Exact,Delivering,0.52,0.74,0.93,0.74,0,0,0,0,0,0,0,0,0,0,0
ENABLED,grandfather life story journal,Phrase,Delivering,0.55,0.74,0.93,0.74,0,0,0,0,0,0,0,0,0,0,0
ENABLED,grandfather life story journal,Broad,Delivering,0.55,0.74,0.93,0.74,0,0,0,0,0,0,0,0,0,0,0
ENABLED,grandma memory book,Exact,Delivering,0.38,0.5,0.63,0.47,24,0,0,0,0.32,0,0,0,0,0,0
ENABLED,grandpa journal life story,Exact,Delivering,0.74,0.99,1.24,0.99,0,0,0,0,0,0,0,0,0,0,0
ENABLED,grandpa journal life story,Phrase,Delivering,0.74,0.99,1.24,0.99,0,0,0,0,0,0,0,0,0,0,0
ENABLED,grandpa journal life story,Broad,Delivering,0.74,0.99,1.24,0.99,0,0,0,0,0,0,0,0,0,0,0
ENABLED,grandpa memory book,Exact,Delivering,0.43,0.57,0.71,0.52,5,0,0,0,0,0,0,0,0,0,0
ENABLED,grandparent legacy journal,Broad,Delivering,0.47,0.85,1.06,1.24,0,0,0,0,0,0,0,0,0,0,0
ENABLED,grandparent legacy journal,Phrase,Delivering,0.64,0.85,1.06,0.67,0,0,0,0,0,0,0,0,0,0,0
ENABLED,grandparent legacy journal,Exact,Delivering,0.64,0.85,1.06,0.67,0,0,0,0,0,0,0,0,0,0,0
ENABLED,grandparent memory book,Broad,Delivering,0.39,0.55,0.69,0.77,1414,<5%,0,0,3.03,0,0,0,0,0,0
ENABLED,grandparent memory book,Phrase,Delivering,0.4,0.57,0.71,0.58,0,0,0,0,0,0,0,0,0,0,0
ENABLED,grandparent memory book,Exact,Delivering,0.37,0.72,1,0.75,0,0,0,0,0,0,0,0,0,0,0
ENABLED,grandparents journal life story,Exact,Delivering,0.5,0.67,0.84,0.67,0,0,0,0,0,0,0,0,0,0,0
ENABLED,grandparents journal life story,Phrase,Delivering,0.5,0.67,0.84,0.67,0,0,0,0,0,0,0,0,0,0,0
ENABLED,grandparents journal life story,Broad,Delivering,0.43,0.57,0.71,0.57,0,0,0,0,0,0,0,0,0,0,0
ENABLED,grandparents journal to fill in,Exact,Delivering,,,,0.55,0,50.00%,0,0,0,0,0,0,0,0,0
ENABLED,grandparents life story journal,Exact,Delivering,0.43,0.63,0.79,0.63,0,0,0,0,0,0,0,0,0,0,0
ENABLED,grandparents life story journal,Phrase,Delivering,0.43,0.63,0.79,0.63,0,0,0,0,0,0,0,0,0,0,0
ENABLED,grandparents life story journal,Broad,Delivering,0.43,0.57,0.71,0.57,0,0,0,0,0,0,0,0,0,0,0
ENABLED,guided legacy journal,Exact,Delivering,0.33,0.44,0.55,0.44,0,0,0,0,0,0,0,0,0,0,0
ENABLED,guided legacy journal,Phrase,Delivering,0.32,0.43,0.54,0.43,0,0,0,0,0,0,0,0,0,0,0
ENABLED,guided legacy journal,Broad,Delivering,0.59,0.78,0.98,0.78,0,0,0,0,0,0,0,0,0,0,0
ENABLED,journal for writing my life story,Exact,Delivering,,,,0.55,0,0,0,0,0,0,0,0,0,0,0
ENABLED,journal for writing my life story,Phrase,Delivering,,,,0.55,0,0,0,0,0,0,0,0,0,0,0
ENABLED,journal for writing my life story,Broad,Delivering,0.28,0.37,0.46,0.37,0,0,0,0,0,0,0,0,0,0,0
ENABLED,keepsake memory book for step parents,Exact,Delivering,,,,0.55,0,0,0,0,0,0,0,0,0,0,0
ENABLED,keepsake memory book for step parents,Phrase,Delivering,,,,0.55,0,0,0,0,0,0,0,0,0,0,0
ENABLED,keepsake memory book for step parents,Broad,Delivering,,,,0.55,0,0,0,0,0,0,0,0,0,0,0
ENABLED,legacy journal,Broad,Delivering,0.95,1.27,1.59,1.27,789,<5%,0,0,15.2,0,0,0,0,0,0
ENABLED,legacy journal,Phrase,Delivering,0.95,1.27,1.59,1.27,217,<5%,0,0,9.92,0,0,0,0,0,0
ENABLED,legacy journal,Exact,Delivering,0.4,0.6,0.67,0.59,0,0,0,0,0,0,0,0,0,0,0
ENABLED,legacy journal for alienated grandparents,Exact,Delivering,,,,0.55,0,0,0,0,0,0,0,0,0,0,0
ENABLED,legacy journal for alienated grandparents,Phrase,Delivering,,,,0.55,0,0,0,0,0,0,0,0,0,0,0
ENABLED,legacy journal for alienated grandparents,Broad,Delivering,,,,0.55,0,0,0,0,0,0,0,0,0,0,0
ENABLED,legacy journal for grandparents,Broad,Delivering,0.47,0.85,1.06,1.24,1,0,0,0,0,0,0,0,0,0,0
ENABLED,legacy journal for grandparents,Phrase,Delivering,0.75,1,1.41,1.4,42,<5%,0,0,4.09,0,0,0,0,0,0
ENABLED,legacy journal for grandparents,Exact,Delivering,0.75,1,1.41,1.4,33,0,0,0,0,0,0,0,0,0,0
ENABLED,legacy journal for mom,Exact,Delivering,0.4,0.67,0.89,0.67,0,0,0,0,0,0,0,0,0,0,0
ENABLED,legacy journal for mom,Phrase,Delivering,0.4,0.67,0.89,0.67,0,0,0,0,0,0,0,0,0,0,0
ENABLED,legacy journal for mom,Broad,Delivering,0.95,1.27,1.59,1.27,0,0,0,0,0,0,0,0,0,0,0
ENABLED,legacy journal for new grandparents,Exact,Delivering,,,,0.55,0,0,0,0,0,0,0,0,0,0,0
ENABLED,legacy journal for new grandparents,Phrase,Delivering,,,,0.55,0,0,0,0,0,0,0,0,0,0,0
ENABLED,legacy journal for new grandparents,Broad,Delivering,,,,0.55,0,0,0,0,0,0,0,0,0,0,0
ENABLED,legacy journal for new parents,Exact,Delivering,,,,0.55,0,0,0,0,0,0,0,0,0,0,0
ENABLED,legacy journal for new parents,Phrase,Delivering,,,,0.55,0,0,0,0,0,0,0,0,0,0,0
ENABLED,legacy journal for new parents,Broad,Delivering,,,,0.55,0,0,0,0,0,0,0,0,0,0,0
ENABLED,legacy journal for parents,Broad,Delivering,0.32,0.42,0.53,0.58,0,0,0,0,0,0,0,0,0,0,0
ENABLED,legacy journal for parents,Phrase,Delivering,0.32,0.42,0.53,0.41,0,0,0,0,0,0,0,0,0,0,0
ENABLED,legacy journal for parents,Exact,Delivering,0.32,0.4,0.5,0.41,0,0,0,0,0,0,0,0,0,0,0
ENABLED,legacy journal memory book,Exact,Delivering,0.45,0.6,0.75,0.6,0,0,0,0,0,0,0,0,0,0,0
ENABLED,legacy journal memory book,Phrase,Delivering,0.45,0.6,0.75,0.6,0,0,0,0,0,0,0,0,0,0,0
ENABLED,legacy journal memory book,Broad,Delivering,0.45,0.6,0.75,0.6,0,0,0,0,0,0,0,0,0,0,0
ENABLED,life story book for grandparents,Exact,Delivering,0.43,0.58,0.73,0.58,12,0,0,0,0,0,0,0,0,0,0
ENABLED,life story journal,Broad,Delivering,0.63,0.89,1.18,1.21,2923,<5%,0,0,22.42,0,1,17.99,1.2462,0,0
ENABLED,life story journal,Phrase,Delivering,0.63,0.81,1.11,0.65,1,0,0,0,0,0,0,0,0,0,0
ENABLED,life story journal,Exact,Delivering,0.46,0.61,0.76,0.61,0,0,0,0,0,0,0,0,0,0,0
ENABLED,life story journal for family member,Exact,Delivering,,,,0.55,0,0,0,0,0,0,0,0,0,0,0
ENABLED,life story journal for family member,Phrase,Delivering,,,,0.55,0,0,0,0,0,0,0,0,0,0,0
ENABLED,life story journal for family member,Broad,Delivering,0.52,0.69,0.81,0.69,0,0,0,0,0,0,0,0,0,0,0
ENABLED,life story journal with prompts,Exact,Delivering,0.59,0.78,0.98,0.78,0,0,0,0,0,0,0,0,0,0,0
ENABLED,life story journal with prompts,Phrase,Delivering,0.54,0.78,0.99,0.78,0,0,0,0,0,0,0,0,0,0,0
ENABLED,life story journal with prompts,Broad,Delivering,0.58,0.78,0.99,0.78,0,0,0,0,0,0,0,0,0,0,0
ENABLED,memory book for aging parents,Exact,Delivering,,,,0.55,0,0,0,0,0,0,0,0,0,0,0
ENABLED,memory book for aging parents,Phrase,Delivering,,,,0.55,0,0,0,0,0,0,0,0,0,0,0
ENABLED,memory book for aging parents,Broad,Delivering,0.55,0.98,1.15,0.98,0,0,0,0,0,0,0,0,0,0,0
ENABLED,memory book for deceased parent,Exact,Delivering,0.72,0.96,1.2,0.96,0,0,0,0,0,0,0,0,0,0,0
ENABLED,memory book for deceased parent,Phrase,Delivering,1.33,1.77,2.21,1.77,0,0,0,0,0,0,0,0,0,0,0
ENABLED,memory book for deceased parent,Broad,Delivering,1.33,1.77,2.21,1.77,0,0,0,0,0,0,0,0,0,0,0
ENABLED,memory book for deceased parent to complete,Exact,Delivering,,,,0.55,0,0,0,0,0,0,0,0,0,0,0
ENABLED,memory book for deceased parent to complete,Phrase,Delivering,,,,0.55,0,0,0,0,0,0,0,0,0,0,0
ENABLED,memory book for deceased parent to complete,Broad,Delivering,,,,0.55,0,0,0,0,0,0,0,0,0,0,0
ENABLED,memory book for grandparents,Broad,Delivering,0.39,0.55,0.69,0.67,0,0,0,0,0,0,0,0,0,0,0
ENABLED,memory book for grandparents,Phrase,Delivering,0.47,0.62,0.78,0.68,0,0,0,0,0,0,0,0,0,0,0
ENABLED,memory book for grandparents,Exact,Delivering,0.47,0.63,0.79,0.68,0,0,0,0,0,0,0,0,0,0,0
ENABLED,memory book for parents,Broad,Delivering,0.45,0.61,0.82,1.6,6223,10.15%,0,0,33.21,0,0,0,0,0,0
ENABLED,memory book for parents,Phrase,Delivering,0.5,0.61,0.76,0.69,0,0,0,0,0,0,0,0,0,0,0
ENABLED,memory book for parents,Exact,Delivering,0.76,0.96,1.13,0.78,0,0,0,0,0,0,0,0,0,0,0
ENABLED,memory book for parents to fill out,Exact,Delivering,0.46,0.61,0.76,0.61,0,0,0,0,0,0,0,0,0,0,0
ENABLED,memory book for parents to fill out,Phrase,Delivering,0.46,0.61,0.76,0.61,0,0,0,0,0,0,0,0,0,0,0
ENABLED,memory book for parents to fill out,Broad,Delivering,0.45,0.6,0.75,0.6,0,0,0,0,0,0,0,0,0,0,0
ENABLED,memory book gift for grandparents,Exact,Delivering,,,,0.55,0,0,0,0,0,0,0,0,0,0,0
ENABLED,memory book gift for grandparents,Phrase,Delivering,,,,0.55,0,0,0,0,0,0,0,0,0,0,0
ENABLED,memory book gift for grandparents,Broad,Delivering,0.32,0.36,0.43,0.36,0,0,0,0,0,0,0,0,0,0,0
ENABLED,memory books parent to child,Exact,Delivering,,,,0.55,0,0,0,0,0,0,0,0,0,0,0
ENABLED,memory books parent to child,Phrase,Delivering,,,,0.55,0,0,0,0,0,0,0,0,0,0,0
ENABLED,memory books parent to child,Broad,Delivering,0.51,0.67,0.84,0.67,0,0,0,0,0,0,0,0,0,0,0
ENABLED,memory journal for dad,Exact,Delivering,0.45,0.6,0.75,0.52,0,0,0,0,0,0,0,0,0,0,0
ENABLED,memory journal for mom,Exact,Delivering,0.77,1.02,1.27,0.8,1,0,0,0,0,0,0,0,0,0,0
ENABLED,mom journal life story,Exact,Delivering,0.9,1.2,1.5,1.2,0,0,0,0,0,0,0,0,0,0,0
ENABLED,mom journal life story,Phrase,Delivering,0.9,1.2,1.5,1.2,0,0,0,0,0,0,0,0,0,0,0
ENABLED,mom journal life story,Broad,Delivering,0.78,1.08,1.2,1.08,0,0,0,0,0,0,0,0,0,0,0
ENABLED,mom journal to fill in,Exact,Delivering,,,,0.55,0,0,0,0,0,0,0,0,0,0,0
ENABLED,mom life story book,Exact,Delivering,0.96,1.28,1.6,1.22,7,0,0,0,0,0,0,0,0,0,0
ENABLED,mom memory book,Exact,Delivering,0.59,0.82,1.02,0.8,33,0,0,0,0,0,0,0,0,0,0
ENABLED,moms life story journal,Exact,Delivering,0.81,1.08,1.35,1.08,0,0,0,0,0,0,0,0,0,0,0
ENABLED,moms life story journal,Phrase,Delivering,0.81,1.08,1.35,1.08,0,0,0,0,0,0,0,0,0,0,0
ENABLED,moms life story journal,Broad,Delivering,0.78,1.08,1.2,1.08,0,0,0,0,0,0,0,0,0,0,0
ENABLED,my life story journal,Exact,Delivering,0.57,0.75,1.04,0.75,0,0,0,0,0,0,0,0,0,0,0
ENABLED,my life story journal,Phrase,Delivering,0.57,0.75,1.04,0.75,0,0,0,0,0,0,0,0,0,0,0
ENABLED,my life story journal,Broad,Delivering,0.66,0.79,0.99,0.79,0,0,0,0,0,0,0,0,0,0,0
ENABLED,my life story journal guided prompts,Exact,Delivering,0.77,1.02,1.27,1.02,0,0,0,0,0,0,0,0,0,0,0
ENABLED,my life story journal guided prompts,Phrase,Delivering,0.77,1.02,1.27,1.02,0,0,0,0,0,0,0,0,0,0,0
ENABLED,my life story journal guided prompts,Broad,Delivering,0.77,1.02,1.27,1.02,0,0,0,0,0,0,0,0,0,0,0
ENABLED,new grandparent gift,Exact,Delivering,0.9,1.19,1.4,1.2,89,0,0,0,0,0,0,0,0,0,0
ENABLED,parent legacy journal,Broad,Delivering,0.32,0.42,0.53,0.58,0,0,0,0,0,0,0,0,0,0,0
ENABLED,parent legacy journal,Phrase,Delivering,0.45,0.52,0.58,0.58,0,0,0,0,0,0,0,0,0,0,0
ENABLED,parent legacy journal,Exact,Delivering,,,,0.37,0,0,0,0,0,0,0,0,0,0,0
ENABLED,parent memory book,Broad,Delivering,0.45,0.61,0.82,0.61,1,0,0,0,0,0,0,0,0,0,0
ENABLED,parent memory book,Phrase,Delivering,0.62,0.82,1.02,0.82,0,0,0,0,0,0,0,0,0,0,0
ENABLED,parent memory book,Exact,Delivering,0.8,0.96,1.19,0.58,0,0,0,0,0,0,0,0,0,0,0
ENABLED,parent memory book for adult kids,Exact,Delivering,,,,0.55,0,0,0,0,0,0,0,0,0,0,0
ENABLED,parent memory book for adult kids,Phrase,Delivering,,,,0.55,0,0,0,0,0,0,0,0,0,0,0
ENABLED,parent memory book for adult kids,Broad,Delivering,,,,0.55,0,0,0,0,0,0,0,0,0,0,0
ENABLED,parents keepsake memory book,Exact,Delivering,,,,0.55,0,0,0,0,0,0,0,0,0,0,0
ENABLED,parents keepsake memory book,Phrase,Delivering,,,,0.55,0,0,0,0,0,0,0,0,0,0,0
ENABLED,parents keepsake memory book,Broad,Delivering,0.43,0.52,0.65,0.52,0,0,0,0,0,0,0,0,0,0,0
ENABLED,parents life story journal,Exact,Delivering,0.93,1.24,1.55,1.24,0,0,0,0,0,0,0,0,0,0,0
ENABLED,parents life story journal,Phrase,Delivering,0.93,1.24,1.55,1.24,0,0,0,0,0,0,0,0,0,0,0
ENABLED,parents life story journal,Broad,Delivering,0.93,1.24,1.55,1.24,0,0,0,0,0,0,0,0,0,0,0
ENABLED,questions to ask grandparents,Exact,Delivering,0.42,0.56,0.7,0.59,2,7.69%,0,0,0,0,0,0,0,0,0
ENABLED,questions to ask your parents,Exact,Delivering,0.57,0.76,0.95,0.76,98,0,0,0,1.36,0,0,0,0,0,0
ENABLED,retirement gift for dad,Exact,Delivering,1.3,1.63,2.09,1.63,15,0,0,0,0,0,0,0,0,0,0
ENABLED,story of my life journal,Exact,Delivering,0.59,0.78,0.98,0.78,0,0,0,0,0,0,0,0,0,0,0
ENABLED,story of my life journal,Phrase,Delivering,0.59,0.78,0.98,0.78,0,0,0,0,0,0,0,0,0,0,0
ENABLED,story of my life journal,Broad,Delivering,0.66,0.79,0.99,0.79,0,0,0,0,0,0,0,0,0,0,0
ENABLED,this life of mine a legacy journal,Exact,Delivering,0.32,0.37,0.46,0.37,0,0,0,0,0,0,0,0,0,0,0
ENABLED,this life of mine a legacy journal,Phrase,Delivering,0.28,0.37,0.46,0.37,0,0,0,0,0,0,0,0,0,0,0
ENABLED,this life of mine a legacy journal,Broad,Delivering,0.28,0.37,0.46,0.37,0,0,0,0,0,0,0,0,0,0,0